product_id,reference_number,image_path,status,error
1,3046/381/716,data/images/3046_381_716.jpg,ok,
2,4391/892/700,data/images/4391_892_700.jpg,ok,
3,2237/570/800,data/images/2237_570_800.jpg,ok,
4,2753/122/800,data/images/2753_122_800.jpg,ok,
5,8490/705/709,data/images/8490_705_709.jpg,ok,
6,4341/792/822,data/images/4341_792_822.jpg,ok,
7,2215/518/800,data/images/2215_518_800.jpg,ok,
8,4344/655/533,data/images/4344_655_533.jpg,ok,
9,2293/650/093,data/images/2293_650_093.jpg,ok,
10,8491/045/737,data/images/8491_045_737.jpg,ok,
11,9598/170/801,data/images/9598_170_801.jpg,ok,
12,2019/700/710,data/images/2019_700_710.jpg,ok,
13,4341/736/717,data/images/4341_736_717.jpg,ok,
14,3548/264/716,data/images/3548_264_716.jpg,ok,
15,4391/788/800,data/images/4391_788_800.jpg,ok,
16,3046/411/800,data/images/3046_411_800.jpg,ok,
17,2289/649/097,data/images/2289_649_097.jpg,ok,
18,6318/100/700,data/images/6318_100_700.jpg,ok,
19,8073/327/700,data/images/8073_327_700.jpg,ok,
20,9601/576/800,data/images/9601_576_800.jpg,ok,
21,2054/609/681,data/images/2054_609_681.jpg,ok,
22,2086/827/806,data/images/2086_827_806.jpg,ok,
23,2029/044/800,data/images/2029_044_800.jpg,ok,
24,2159/727/809,data/images/2159_727_809.jpg,ok,
25,5127/240/501,data/images/5127_240_501.jpg,ok,
26,8372/369/505,data/images/8372_369_505.jpg,ok,
27,3046/371/700,data/images/3046_371_700.jpg,ok,
28,6164/212/800,data/images/6164_212_800.jpg,ok,
29,4387/556/605,data/images/4387_556_605.jpg,ok,
30,4749/720/600,data/images/4749_720_600.jpg,ok,
31,4749/751/064,data/images/4749_751_064.jpg,ok,
32,5761/783/505,data/images/5761_783_505.jpg,ok,
33,4341/783/600,data/images/4341_783_600.jpg,ok,
34,7522/040/737,data/images/7522_040_737.jpg,ok,
35,3548/265/753,data/images/3548_265_753.jpg,ok,
36,2753/338/712,data/images/2753_338_712.jpg,ok,
37,2036/678/087,data/images/2036_678_087.jpg,ok,
38,7522/050/922,data/images/7522_050_922.jpg,ok,
39,0518/042/401,data/images/0518_042_401.jpg,ok,
40,3548/241/087,data/images/3548_241_087.jpg,ok,
41,8073/061/700,data/images/8073_061_700.jpg,ok,
42,3046/220/711,data/images/3046_220_711.jpg,ok,
43,3046/433/401,data/images/3046_433_401.jpg,ok,
44,4749/801/800,data/images/4749_801_800.jpg,ok,
45,4341/845/700,data/images/4341_845_700.jpg,ok,
46,2186/203/800,data/images/2186_203_800.jpg,ok,
47,1255/874/807,data/images/1255_874_807.jpg,ok,
48,1255/853/087,data/images/1255_853_087.jpg,ok,
49,5536/199/800,data/images/5536_199_800.jpg,ok,
50,6318/254/704,data/images/6318_254_704.jpg,ok,
51,1255/817/407,data/images/1255_817_407.jpg,ok,
52,8490/701/700,data/images/8490_701_700.jpg,ok,
54,3548/042/800,data/images/3548_042_800.jpg,ok,
55,3046/100/700,data/images/3046_100_700.jpg,ok,
56,3046/264/700,data/images/3046_264_700.jpg,ok,
57,2130/797/800,data/images/2130_797_800.jpg,ok,
58,4341/873/753,data/images/4341_873_753.jpg,ok,
59,4749/701/832,data/images/4749_701_832.jpg,ok,
60,1966/252/700,data/images/1966_252_700.jpg,ok,
61,2119/796/710,data/images/2119_796_710.jpg,ok,
62,5479/043/501,data/images/5479_043_501.jpg,ok,
63,2969/064/800,data/images/2969_064_800.jpg,ok,
64,8490/744/712,data/images/8490_744_712.jpg,ok,
65,1255/884/712,data/images/1255_884_712.jpg,ok,
66,5344/040/515,data/images/5344_040_515.jpg,ok,
67,2251/950/716,data/images/2251_950_716.jpg,ok,
68,2922/041/121,data/images/2922_041_121.jpg,ok,
69,3046/265/710,data/images/3046_265_710.jpg,ok,
70,5127/241/800,data/images/5127_241_800.jpg,ok,
71,5129/247/800,data/images/5129_247_800.jpg,ok,
72,5320/796/737,data/images/5320_796_737.jpg,ok,
73,1255/894/716,data/images/1255_894_716.jpg,ok,
74,2010/868/700,data/images/2010_868_700.jpg,ok,
75,1966/249/505,data/images/1966_249_505.jpg,ok,
77,7522/300/450,data/images/7522_300_450.jpg,ok,
78,2969/061/700,data/images/2969_061_700.jpg,ok,
79,8073/045/829,data/images/8073_045_829.jpg,ok,
80,8073/030/800,data/images/8073_030_800.jpg,ok,
81,2969/042/505,data/images/2969_042_505.jpg,ok,
82,8073/253/505,data/images/8073_253_505.jpg,ok,
83,6318/253/716,data/images/6318_253_716.jpg,ok,
84,8490/760/800,data/images/8490_760_800.jpg,ok,
85,4341/780/407,data/images/4341_780_407.jpg,ok,
86,2005/638/629,data/images/2005_638_629.jpg,ok,
87,5479/780/800,data/images/5479_780_800.jpg,ok,
88,2101/848/719,data/images/2101_848_719.jpg,ok,
89,0699/270/443,data/images/0699_270_443.jpg,ok,
90,5479/061/800,data/images/5479_061_800.jpg,ok,
91,8372/212/505,data/images/8372_212_505.jpg,ok,
92,3046/029/704,data/images/3046_029_704.jpg,ok,
93,9743/882/803,data/images/9743_882_803.jpg,ok,
94,9820/499/800,data/images/9820_499_800.jpg,ok,
95,9832/777/800,data/images/9832_777_800.jpg,ok,
96,4192/165/532,data/images/4192_165_532.jpg,ok,
97,0155/041/507,data/images/0155_041_507.jpg,ok,
98,4813/305/717,data/images/4813_305_717.jpg,ok,
99,5854/736/524,data/images/5854_736_524.jpg,ok,
100,2969/241/832,data/images/2969_241_832.jpg,ok,
101,4174/816/700,data/images/4174_816_700.jpg,ok,
102,8491/044/800,data/images/8491_044_800.jpg,ok,
103,3322/041/700,data/images/3322_041_700.jpg,ok,
104,2521/900/300,data/images/2521_900_300.jpg,ok,
105,2521/043/704,data/images/2521_043_704.jpg,ok,
106,3046/298/450,data/images/3046_298_450.jpg,ok,
107,2095/319/710,data/images/2095_319_710.jpg,ok,
108,2078/780/450,data/images/2078_780_450.jpg,ok,
109,2300/317/049,data/images/2300_317_049.jpg,ok,
110,2405/161/700,data/images/2405_161_700.jpg,ok,
111,8469/107/800,data/images/8469_107_800.jpg,ok,
112,4070/023/704,data/images/4070_023_704.jpg,ok,
113,6318/285/700,data/images/6318_285_700.jpg,ok,
114,3046/282/700,data/images/3046_282_700.jpg,ok,
115,8372/044/330,data/images/8372_044_330.jpg,ok,
116,3046/273/710,data/images/3046_273_710.jpg,ok,
117,3811/044/716,data/images/3811_044_716.jpg,ok,
118,7522/052/422,data/images/7522_052_422.jpg,ok,
119,2077/323/700,data/images/2077_323_700.jpg,ok,
120,9514/384/742,data/images/9514_384_742.jpg,ok,
121,8473/107/800,data/images/8473_107_800.jpg,ok,
122,4344/690/720,data/images/4344_690_720.jpg,ok,
123,8471/107/800,data/images/8471_107_800.jpg,ok,
124,6318/023/700,data/images/6318_023_700.jpg,ok,
125,8535/107/800,data/images/8535_107_800.jpg,ok,
126,2131/762/922,data/images/2131_762_922.jpg,ok,
127,2118/851/700,data/images/2118_851_700.jpg,ok,
128,7522/053/505,data/images/7522_053_505.jpg,ok,
129,3548/265/753,data/images/3548_265_753.jpg,ok,
130,5129/248/704,data/images/5129_248_704.jpg,ok,
131,3046/297/700,data/images/3046_297_700.jpg,ok,
132,7522/241/075,data/images/7522_241_075.jpg,ok,
133,2969/062/716,data/images/2969_062_716.jpg,ok,
134,2041/880/121,data/images/2041_880_121.jpg,ok,
135,5761/041/730,data/images/5761_041_730.jpg,ok,
136,3581/040/700,data/images/3581_040_700.jpg,ok,
137,3548/241/087,data/images/3548_241_087.jpg,ok,
138,1255/758/718,data/images/1255_758_718.jpg,ok,
139,2297/040/250,data/images/2297_040_250.jpg,ok,
140,2046/894/436,data/images/2046_894_436.jpg,ok,
141,2145/754/800,data/images/2145_754_800.jpg,ok,
142,5854/828/716,data/images/5854_828_716.jpg,ok,
143,3322/242/712,data/images/3322_242_712.jpg,ok,
144,2100/762/737,data/images/2100_762_737.jpg,ok,
146,6318/277/800,data/images/6318_277_800.jpg,ok,
147,4391/733/716,data/images/4391_733_716.jpg,ok,
148,8490/732/700,data/images/8490_732_700.jpg,ok,
149,7522/063/097,data/images/7522_063_097.jpg,ok,
150,2297/041/450,data/images/2297_041_450.jpg,ok,
152,9854/107/800,data/images/9854_107_800.jpg,ok,
153,2070/397/802,data/images/2070_397_802.jpg,ok,
154,8491/041/532,data/images/8491_041_532.jpg,ok,
155,0518/300/732,data/images/0518_300_732.jpg,ok,
156,8490/832/800,data/images/8490_832_800.jpg,ok,
157,2069/384/742,data/images/2069_384_742.jpg,ok,
158,4360/242/700,data/images/4360_242_700.jpg,ok,
159,2969/063/450,data/images/2969_063_450.jpg,ok,
160,4391/833/802,data/images/4391_833_802.jpg,ok,
161,4391/831/800,data/images/4391_831_800.jpg,ok,
162,1255/730/716,data/images/1255_730_716.jpg,ok,
163,0247/901/600,data/images/0247_901_600.jpg,ok,
164,6098/905/717,data/images/6098_905_717.jpg,ok,
165,7522/244/922,data/images/7522_244_922.jpg,ok,
166,9758/956/743,data/images/9758_956_743.jpg,ok,
167,4764/302/075,data/images/4764_302_075.jpg,ok,
168,7200/315/054,data/images/7200_315_054.jpg,ok,
169,3067/322/742,data/images/3067_322_742.jpg,ok,
170,2321/763/800,data/images/2321_763_800.jpg,ok,
171,4661/309/070,data/images/4661_309_070.jpg,ok,
172,9598/014/600,data/images/9598_014_600.jpg,ok,
173,9747/777/800,data/images/9747_777_800.jpg,ok,
174,2213/777/800,data/images/2213_777_800.jpg,ok,
175,1067/002/800,data/images/1067_002_800.jpg,ok,
176,3067/332/712,data/images/3067_332_712.jpg,ok,
177,8438/591/401,data/images/8438_591_401.jpg,ok,
178,1067/004/800,data/images/1067_004_800.jpg,ok,
179,4772/306/250,data/images/4772_306_250.jpg,ok,
180,2756/018/802,data/images/2756_018_802.jpg,ok,
181,4772/303/049,data/images/4772_303_049.jpg,ok,
182,5536/158/700,data/images/5536_158_700.jpg,ok,
183,2756/144/730,data/images/2756_144_730.jpg,ok,
184,4772/308/600,data/images/4772_308_600.jpg,ok,
185,3152/302/063,data/images/3152_302_063.jpg,ok,
186,9874/003/081,data/images/9874_003_081.jpg,ok,
187,2200/533/049,data/images/2200_533_049.jpg,ok,
188,0108/023/427,data/images/0108_023_427.jpg,ok,
189,3920/836/706,data/images/3920_836_706.jpg,ok,
190,1355/113/800,data/images/1355_113_800.jpg,ok,
191,4772/307/250,data/images/4772_307_250.jpg,ok,
192,3067/310/726,data/images/3067_310_726.jpg,ok,
193,3897/187/809,data/images/3897_187_809.jpg,ok,
194,2180/338/708,data/images/2180_338_708.jpg,ok,
195,6929/085/443,data/images/6929_085_443.jpg,ok,
196,5029/052/401,data/images/5029_052_401.jpg,ok,
197,0264/154/081,data/images/0264_154_081.jpg,ok,
198,5067/156/807,data/images/5067_156_807.jpg,ok,
199,5536/004/800,data/images/5536_004_800.jpg,ok,
200,5755/126/700,data/images/5755_126_700.jpg,ok,
201,1579/103/485,data/images/1579_103_485.jpg,ok,
202,2678/108/073,data/images/2678_108_073.jpg,ok,
203,2180/314/089,data/images/2180_314_089.jpg,ok,
204,7200/305/758,data/images/7200_305_758.jpg,ok,
205,4772/309/716,data/images/4772_309_716.jpg,ok,
206,3067/304/082,data/images/3067_304_082.jpg,ok,
207,1971/170/084,data/images/1971_170_084.jpg,ok,
208,1971/053/030,data/images/1971_053_030.jpg,ok,
209,2298/001/064,data/images/2298_001_064.jpg,ok,
210,5584/010/800,data/images/5584_010_800.jpg,ok,
211,1355/015/800,data/images/1355_015_800.jpg,ok,
212,1355/011/800,data/images/1355_011_800.jpg,ok,
213,5039/180/084,data/images/5039_180_084.jpg,ok,
214,2298/459/093,data/images/2298_459_093.jpg,ok,
215,4772/314/733,data/images/4772_314_733.jpg,ok,
216,1579/102/800,data/images/1579_102_800.jpg,ok,
217,4772/304/096,data/images/4772_304_096.jpg,ok,
218,0858/028/800,data/images/0858_028_800.jpg,ok,
219,2116/341/800,data/images/2116_341_800.jpg,ok,
220,2124/150/800,data/images/2124_150_800.jpg,ok,
221,0881/344/700,data/images/0881_344_700.jpg,ok,
222,9801/242/716,data/images/9801_242_716.jpg,ok,
223,3067/318/049,data/images/3067_318_049.jpg,ok,
224,2180/301/111,data/images/2180_301_111.jpg,ok,
225,3253/317/700,data/images/3253_317_700.jpg,ok,
226,3644/169/814,data/images/3644_169_814.jpg,ok,
227,5584/009/800,data/images/5584_009_800.jpg,ok,
228,1758/116/800,data/images/1758_116_800.jpg,ok,
229,2268/541/610,data/images/2268_541_610.jpg,ok,
230,1198/001/712,data/images/1198_001_712.jpg,ok,
231,1758/663/916,data/images/1758_663_916.jpg,ok,
232,9751/710/620,data/images/9751_710_620.jpg,ok,
233,8779/107/800,data/images/8779_107_800.jpg,ok,
234,5919/040/700,data/images/5919_040_700.jpg,ok,
235,9457/090/736,data/images/9457_090_736.jpg,ok,
236,1067/101/700,data/images/1067_101_700.jpg,ok,
237,1131/302/087,data/images/1131_302_087.jpg,ok,
238,3920/116/800,data/images/3920_116_800.jpg,ok,
239,5344/102/800,data/images/5344_102_800.jpg,ok,
240,0085/305/831,data/images/0085_305_831.jpg,ok,
241,2142/026/737,data/images/2142_026_737.jpg,ok,
242,1355/457/660,data/images/1355_457_660.jpg,ok,
243,5039/224/524,data/images/5039_224_524.jpg,ok,
244,2148/683/700,data/images/2148_683_700.jpg,ok,
245,1026/825/250,data/images/1026_825_250.jpg,ok,
246,1063/198/715,data/images/1063_198_715.jpg,ok,
247,5039/860/716,data/images/5039_860_716.jpg,ok,
248,3641/874/800,data/images/3641_874_800.jpg,ok,
249,3641/871/700,data/images/3641_871_700.jpg,ok,
250,1355/016/700,data/images/1355_016_700.jpg,ok,
251,5039/215/064,data/images/5039_215_064.jpg,ok,
252,2157/221/700,data/images/2157_221_700.jpg,ok,
253,5919/105/700,data/images/5919_105_700.jpg,ok,
254,2279/342/614,data/images/2279_342_614.jpg,ok,
255,1822/003/600,data/images/1822_003_600.jpg,ok,
256,2033/848/719,data/images/2033_848_719.jpg,ok,
257,2185/545/172,data/images/2185_545_172.jpg,ok,
258,5067/178/305,data/images/5067_178_305.jpg,ok,
259,5039/850/800,data/images/5039_850_800.jpg,ok,
260,2298/153/093,data/images/2298_153_093.jpg,ok,
261,5039/182/084,data/images/5039_182_084.jpg,ok,
262,5584/008/800,data/images/5584_008_800.jpg,ok,
263,5584/011/800,data/images/5584_011_800.jpg,ok,
264,0264/007/800,data/images/0264_007_800.jpg,ok,
265,1165/011/064,data/images/1165_011_064.jpg,ok,
266,1355/002/800,data/images/1355_002_800.jpg,ok,
267,0347/001/800,data/images/0347_001_800.jpg,ok,
268,1355/012/800,data/images/1355_012_800.jpg,ok,
269,5063/315/712,data/images/5063_315_712.jpg,ok,
270,4813/303/800,data/images/4813_303_800.jpg,ok,
271,4192/141/717,data/images/4192_141_717.jpg,ok,
272,2176/743/712,data/images/2176_743_712.jpg,ok,
273,1223/104/802,data/images/1223_104_802.jpg,ok,
274,1223/135/800,data/images/1223_135_800.jpg,ok,
275,2231/581/681,data/images/2231_581_681.jpg,ok,
276,4764/044/064,data/images/4764_044_064.jpg,ok,
277,6050/028/800,data/images/6050_028_800.jpg,ok,
278,5644/010/802,data/images/5644_010_802.jpg,ok,
279,5644/008/063,data/images/5644_008_063.jpg,ok,
280,3641/838/250,data/images/3641_838_250.jpg,ok,
281,1355/010/800,data/images/1355_010_800.jpg,ok,
282,5919/617/800,data/images/5919_617_800.jpg,ok,
283,5919/614/800,data/images/5919_614_800.jpg,ok,
284,6929/365/443,data/images/6929_365_443.jpg,ok,
285,2010/762/087,data/images/2010_762_087.jpg,ok,
286,0387/160/800,data/images/0387_160_800.jpg,ok,
287,0264/304/093,data/images/0264_304_093.jpg,ok,
288,4174/001/706,data/images/4174_001_706.jpg,ok,
289,8727/267/443,data/images/8727_267_443.jpg,ok,
290,2128/155/080,data/images/2128_155_080.jpg,ok,
291,3644/167/450,data/images/3644_167_450.jpg,ok,
292,1579/101/800,data/images/1579_101_800.jpg,ok,
293,1355/117/800,data/images/1355_117_800.jpg,ok,
294,4786/008/406,data/images/4786_008_406.jpg,ok,
295,5063/306/717,data/images/5063_306_717.jpg,ok,
296,3253/318/710,data/images/3253_318_710.jpg,ok,
297,1368/034/800,data/images/1368_034_800.jpg,ok,
298,1368/024/681,data/images/1368_024_681.jpg,ok,
299,1131/307/800,data/images/1131_307_800.jpg,ok,
300,5919/114/500,data/images/5919_114_500.jpg,ok,
301,1355/112/800,data/images/1355_112_800.jpg,ok,
302,2022/748/800,data/images/2022_748_800.jpg,ok,
303,2024/640/612,data/images/2024_640_612.jpg,ok,
304,5039/341/807,data/images/5039_341_807.jpg,ok,
305,5919/111/800,data/images/5919_111_800.jpg,ok,
306,2171/018/090,data/images/2171_018_090.jpg,ok,
307,2108/572/700,data/images/2108_572_700.jpg,ok,
308,2166/681/093,data/images/2166_681_093.jpg,ok,
309,5644/009/099,data/images/5644_009_099.jpg,ok,
310,3039/002/746,data/images/3039_002_746.jpg,ok,
311,3253/316/104,data/images/3253_316_104.jpg,ok,
312,2180/025/049,data/images/2180_025_049.jpg,ok,
313,6050/053/716,data/images/6050_053_716.jpg,ok,
314,3644/170/719,data/images/3644_170_719.jpg,ok,
315,5067/157/251,data/images/5067_157_251.jpg,ok,
316,1758/120/971,data/images/1758_120_971.jpg,ok,
317,8779/105/712,data/images/8779_105_712.jpg,ok,
318,1758/130/800,data/images/1758_130_800.jpg,ok,
319,2893/203/800,data/images/2893_203_800.jpg,ok,
320,1067/631/800,data/images/1067_631_800.jpg,ok,
321,5919/624/800,data/images/5919_624_800.jpg,ok,
322,1067/655/800,data/images/1067_655_800.jpg,ok,
323,2678/102/800,data/images/2678_102_800.jpg,ok,
324,9479/050/712,data/images/9479_050_712.jpg,ok,
325,2207/519/044,data/images/2207_519_044.jpg,ok,
326,1063/899/400,data/images/1063_899_400.jpg,ok,
327,2112/572/251,data/images/2112_572_251.jpg,ok,
328,2094/896/700,data/images/2094_896_700.jpg,ok,
329,2110/340/250,data/images/2110_340_250.jpg,ok,
330,8741/251/403,data/images/8741_251_403.jpg,ok,
331,8372/314/712,data/images/8372_314_712.jpg,ok,
332,3666/052/086,data/images/3666_052_086.jpg,ok,
333,4786/024/500,data/images/4786_024_500.jpg,ok,
334,9479/048/330,data/images/9479_048_330.jpg,ok,
335,1074/891/250,data/images/1074_891_250.jpg,ok,
336,2075/107/017,data/images/2075_107_017.jpg,ok,
337,1063/212/807,data/images/1063_212_807.jpg,ok,
338,4333/221/518,data/images/4333_221_518.jpg,ok,
339,2089/562/067,data/images/2089_562_067.jpg,ok,
340,2731/048/104,data/images/2731_048_104.jpg,ok,
341,2264/525/087,data/images/2264_525_087.jpg,ok,
342,2206/544/049,data/images/2206_544_049.jpg,ok,
343,2089/103/087,data/images/2089_103_087.jpg,ok,
344,5029/223/087,data/images/5029_223_087.jpg,ok,
345,8906/572/732,data/images/8906_572_732.jpg,ok,
346,5770/246/800,data/images/5770_246_800.jpg,ok,
347,2125/255/620,data/images/2125_255_620.jpg,ok,
348,2197/340/250,data/images/2197_340_250.jpg,ok,
349,1063/020/078,data/images/1063_020_078.jpg,ok,
350,2088/111/104,data/images/2088_111_104.jpg,ok,
351,2288/467/044,data/images/2288_467_044.jpg,ok,
352,2089/159/400,data/images/2089_159_400.jpg,ok,
353,1075/320/401,data/images/1075_320_401.jpg,ok,
354,4772/014/044,data/images/4772_014_044.jpg,ok,
355,5029/201/712,data/images/5029_201_712.jpg,ok,
356,2011/255/044,data/images/2011_255_044.jpg,ok,
357,2255/101/330,data/images/2255_101_330.jpg,ok,
358,2181/538/049,data/images/2181_538_049.jpg,ok,
359,2190/530/046,data/images/2190_530_046.jpg,ok,
360,1063/262/401,data/images/1063_262_401.jpg,ok,
361,1063/828/715,data/images/1063_828_715.jpg,ok,
362,0975/005/420,data/images/0975_005_420.jpg,ok,
363,4661/003/049,data/images/4661_003_049.jpg,ok,
364,1971/068/401,data/images/1971_068_401.jpg,ok,
365,2240/113/330,data/images/2240_113_330.jpg,ok,
366,2140/529/406,data/images/2140_529_406.jpg,ok,
367,1065/321/080,data/images/1065_321_080.jpg,ok,
368,4043/020/104,data/images/4043_020_104.jpg,ok,
369,9738/102/620,data/images/9738_102_620.jpg,ok,
370,3564/176/250,data/images/3564_176_250.jpg,ok,
371,2026/616/406,data/images/2026_616_406.jpg,ok,
372,4661/173/017,data/images/4661_173_017.jpg,ok,
373,2055/226/017,data/images/2055_226_017.jpg,ok,
374,2109/581/681,data/images/2109_581_681.jpg,ok,
375,5029/181/097,data/images/5029_181_097.jpg,ok,
376,4786/050/401,data/images/4786_050_401.jpg,ok,
377,3666/053/098,data/images/3666_053_098.jpg,ok,
378,2132/547/704,data/images/2132_547_704.jpg,ok,
379,2110/534/441,data/images/2110_534_441.jpg,ok,
380,1063/987/700,data/images/1063_987_700.jpg,ok,
381,4043/014/250,data/images/4043_014_250.jpg,ok,
382,1971/052/800,data/images/1971_052_800.jpg,ok,
383,1971/051/401,data/images/1971_051_401.jpg,ok,
384,1081/097/044,data/images/1081_097_044.jpg,ok,
385,3152/198/102,data/images/3152_198_102.jpg,ok,
386,2137/693/620,data/images/2137_693_620.jpg,ok,
387,2137/520/049,data/images/2137_520_049.jpg,ok,
388,2180/103/753,data/images/2180_103_753.jpg,ok,
389,1210/008/049,data/images/1210_008_049.jpg,ok,
390,2027/648/251,data/images/2027_648_251.jpg,ok,
391,2172/015/080,data/images/2172_015_080.jpg,ok,
392,2271/313/712,data/images/2271_313_712.jpg,ok,
393,2169/105/330,data/images/2169_105_330.jpg,ok,
394,2006/893/400,data/images/2006_893_400.jpg,ok,
395,7484/051/087,data/images/7484_051_087.jpg,ok,
396,4764/001/090,data/images/4764_001_090.jpg,ok,
397,7521/015/727,data/images/7521_015_727.jpg,ok,
398,3067/036/733,data/images/3067_036_733.jpg,ok,
399,4772/025/620,data/images/4772_025_620.jpg,ok,
400,4772/011/403,data/images/4772_011_403.jpg,ok,
401,3152/030/050,data/images/3152_030_050.jpg,ok,
402,4764/181/730,data/images/4764_181_730.jpg,ok,
403,2278/335/307,data/images/2278_335_307.jpg,ok,
404,1971/054/064,data/images/1971_054_064.jpg,ok,
405,3564/061/070,data/images/3564_061_070.jpg,ok,
406,5029/060/068,data/images/5029_060_068.jpg,ok,
407,3152/165/096,data/images/3152_165_096.jpg,ok,
408,2225/456/063,data/images/2225_456_063.jpg,ok,
409,1758/219/800,data/images/1758_219_800.jpg,ok,
410,0387/051/044,data/images/0387_051_044.jpg,ok,
411,2678/110/073,data/images/2678_110_073.jpg,ok,
412,9461/846/707,data/images/9461_846_707.jpg,ok,
413,4786/151/700,data/images/4786_151_700.jpg,ok,
414,2521/900/300,data/images/2521_900_300.jpg,ok,
415,9445/893/898,data/images/9445_893_898.jpg,ok,
416,6098/912/807,data/images/6098_912_807.jpg,ok,
417,5039/860/716,data/images/5039_860_716.jpg,ok,
418,1355/016/700,data/images/1355_016_700.jpg,ok,
419,1026/825/250,data/images/1026_825_250.jpg,ok,
420,5039/850/800,data/images/5039_850_800.jpg,ok,
421,1355/002/800,data/images/1355_002_800.jpg,ok,
422,1355/012/800,data/images/1355_012_800.jpg,ok,
423,6050/028/800,data/images/6050_028_800.jpg,ok,
424,0347/001/800,data/images/0347_001_800.jpg,ok,
425,5919/617/800,data/images/5919_617_800.jpg,ok,
426,5584/011/800,data/images/5584_011_800.jpg,ok,
427,3641/838/250,data/images/3641_838_250.jpg,ok,
428,5919/114/500,data/images/5919_114_500.jpg,ok,
429,1355/112/800,data/images/1355_112_800.jpg,ok,
430,1368/034/800,data/images/1368_034_800.jpg,ok,
431,1368/024/681,data/images/1368_024_681.jpg,ok,
432,5919/111/800,data/images/5919_111_800.jpg,ok,
433,2893/203/800,data/images/2893_203_800.jpg,ok,
434,2678/102/800,data/images/2678_102_800.jpg,ok,
435,8246/053/407,data/images/8246_053_407.jpg,ok,
436,9632/253/407,data/images/9632_253_407.jpg,ok,
437,1889/152/427,data/images/1889_152_427.jpg,ok,
438,6840/291/407,data/images/6840_291_407.jpg,ok,
439,7223/022/800,data/images/7223_022_800.jpg,ok,
440,9942/166/800,data/images/9942_166_800.jpg,ok,
441,8228/021/427,data/images/8228_021_427.jpg,ok,
442,5252/226/401,data/images/5252_226_401.jpg,ok,
443,5575/229/800,data/images/5575_229_800.jpg,ok,
444,1934/033/427,data/images/1934_033_427.jpg,ok,
445,2040/576/800,data/images/2040_576_800.jpg,ok,
446,2569/229/401,data/images/2569_229_401.jpg,ok,
447,6688/227/443,data/images/6688_227_443.jpg,ok,
448,7223/242/407,data/images/7223_242_407.jpg,ok,
449,4083/022/427,data/images/4083_022_427.jpg,ok,
450,7147/022/407,data/images/7147_022_407.jpg,ok,
451,5575/025/800,data/images/5575_025_800.jpg,ok,
452,8307/045/406,data/images/8307_045_406.jpg,ok,
453,0103/248/700,data/images/0103_248_700.jpg,ok,
454,4730/214/400,data/images/4730_214_400.jpg,ok,
455,5575/214/800,data/images/5575_214_800.jpg,ok,
456,4060/226/700,data/images/4060_226_700.jpg,ok,
457,2569/040/407,data/images/2569_040_407.jpg,ok,
458,6855/350/802,data/images/6855_350_802.jpg,ok,
459,8727/022/406,data/images/8727_022_406.jpg,ok,
460,1934/032/405,data/images/1934_032_405.jpg,ok,
461,8727/220/407,data/images/8727_220_407.jpg,ok,
462,3643/051/400,data/images/3643_051_400.jpg,ok,
463,4470/011/401,data/images/4470_011_401.jpg,ok,
464,6164/154/740,data/images/6164_154_740.jpg,ok,
465,6147/050/407,data/images/6147_050_407.jpg,ok,
466,4725/021/427,data/images/4725_021_427.jpg,ok,
467,3607/211/800,data/images/3607_211_800.jpg,ok,
468,5216/048/407,data/images/5216_048_407.jpg,ok,
469,5474/041/800,data/images/5474_041_800.jpg,ok,
470,4592/217/800,data/images/4592_217_800.jpg,ok,
471,3607/332/401,data/images/3607_332_401.jpg,ok,
472,8727/222/401,data/images/8727_222_401.jpg,ok,
474,6147/196/407,data/images/6147_196_407.jpg,ok,
475,9942/066/700,data/images/9942_066_700.jpg,ok,
476,4676/244/800,data/images/4676_244_800.jpg,ok,
477,4730/215/800,data/images/4730_215_800.jpg,ok,
478,6164/211/800,data/images/6164_211_800.jpg,ok,
479,8727/227/443,data/images/8727_227_443.jpg,ok,
480,9942/063/099,data/images/9942_063_099.jpg,ok,
481,9632/284/441,data/images/9632_284_441.jpg,ok,
482,8082/576/400,data/images/8082_576_400.jpg,ok,
483,6164/207/407,data/images/6164_207_407.jpg,ok,
484,6147/199/407,data/images/6147_199_407.jpg,ok,
485,6840/043/800,data/images/6840_043_800.jpg,ok,
486,6147/215/407,data/images/6147_215_407.jpg,ok,
487,8727/240/400,data/images/8727_240_400.jpg,ok,
488,0108/033/700,data/images/0108_033_700.jpg,ok,
489,6164/210/800,data/images/6164_210_800.jpg,ok,
490,8228/224/400,data/images/8228_224_400.jpg,ok,
491,4725/026/407,data/images/4725_026_407.jpg,ok,
492,4725/027/407,data/images/4725_027_407.jpg,ok,
493,1300/210/800,data/images/1300_210_800.jpg,ok,
494,6688/023/405,data/images/6688_023_405.jpg,ok,
495,8727/035/405,data/images/8727_035_405.jpg,ok,
496,5359/212/443,data/images/5359_212_443.jpg,ok,
497,9863/043/400,data/images/9863_043_400.jpg,ok,
498,5216/051/407,data/images/5216_051_407.jpg,ok,
499,2183/256/407,data/images/2183_256_407.jpg,ok,
500,6929/018/717,data/images/6929_018_717.jpg,ok,
501,3607/215/430,data/images/3607_215_430.jpg,ok,
502,4730/015/406,data/images/4730_015_406.jpg,ok,
503,8727/235/400,data/images/8727_235_400.jpg,ok,
504,6840/289/800,data/images/6840_289_800.jpg,ok,
505,5762/244/401,data/images/5762_244_401.jpg,ok,
506,6840/312/407,data/images/6840_312_407.jpg,ok,
507,0699/210/443,data/images/0699_210_443.jpg,ok,
508,4060/215/407,data/images/4060_215_407.jpg,ok,
509,9881/672/707,data/images/9881_672_707.jpg,ok,
510,2218/825/803,data/images/2218_825_803.jpg,ok,
511,9929/022/716,data/images/9929_022_716.jpg,ok,
512,3199/631/706,data/images/3199_631_706.jpg,ok,
513,9942/166/800,data/images/9942_166_800.jpg,ok,
514,4174/817/700,data/images/4174_817_700.jpg,ok,
515,1478/334/700,data/images/1478_334_700.jpg,ok,
516,1608/825/800,data/images/1608_825_800.jpg,ok,
517,7149/254/700,data/images/7149_254_700.jpg,ok,
518,2753/238/712,data/images/2753_238_712.jpg,ok,
519,7149/057/800,data/images/7149_057_800.jpg,ok,
520,2042/700/710,data/images/2042_700_710.jpg,ok,
521,4661/408/753,data/images/4661_408_753.jpg,ok,
522,8417/803/401,data/images/8417_803_401.jpg,ok,
523,5039/216/064,data/images/5039_216_064.jpg,ok,
524,7149/046/802,data/images/7149_046_802.jpg,ok,
525,9479/043/922,data/images/9479_043_922.jpg,ok,
526,7627/043/104,data/images/7627_043_104.jpg,ok,
527,8372/266/712,data/images/8372_266_712.jpg,ok,
528,1478/631/707,data/images/1478_631_707.jpg,ok,
529,3199/152/720,data/images/3199_152_720.jpg,ok,
530,2184/962/401,data/images/2184_962_401.jpg,ok,
531,3152/406/102,data/images/3152_406_102.jpg,ok,
532,3067/400/819,data/images/3067_400_819.jpg,ok,
533,2238/347/712,data/images/2238_347_712.jpg,ok,
534,2051/609/681,data/images/2051_609_681.jpg,ok,
535,2007/686/700,data/images/2007_686_700.jpg,ok,
536,2133/621/743,data/images/2133_621_743.jpg,ok,
537,2406/552/800,data/images/2406_552_800.jpg,ok,
538,2218/855/450,data/images/2218_855_450.jpg,ok,
539,5067/179/305,data/images/5067_179_305.jpg,ok,
540,2111/848/719,data/images/2111_848_719.jpg,ok,
541,2072/683/700,data/images/2072_683_700.jpg,ok,
542,2291/844/800,data/images/2291_844_800.jpg,ok,
543,2152/682/700,data/images/2152_682_700.jpg,ok,
544,4772/405/056,data/images/4772_405_056.jpg,ok,
545,8372/364/505,data/images/8372_364_505.jpg,ok,
546,3581/243/800,data/images/3581_243_800.jpg,ok,
547,2298/460/093,data/images/2298_460_093.jpg,ok,
548,5039/183/084,data/images/5039_183_084.jpg,ok,
549,4043/041/732,data/images/4043_041_732.jpg,ok,
550,4391/517/043,data/images/4391_517_043.jpg,ok,
551,8490/666/700,data/images/8490_666_700.jpg,ok,
552,9639/622/700,data/images/9639_622_700.jpg,ok,
553,2298/009/802,data/images/2298_009_802.jpg,ok,
554,7149/067/049,data/images/7149_067_049.jpg,ok,
555,4388/023/704,data/images/4388_023_704.jpg,ok,
556,8073/034/097,data/images/8073_034_097.jpg,ok,
557,4764/505/730,data/images/4764_505_730.jpg,ok,
558,3152/404/401,data/images/3152_404_401.jpg,ok,
559,1255/566/737,data/images/1255_566_737.jpg,ok,
560,1255/571/507,data/images/1255_571_507.jpg,ok,
561,4088/042/712,data/images/4088_042_712.jpg,ok,
562,2106/271/922,data/images/2106_271_922.jpg,ok,
563,1478/025/800,data/images/1478_025_800.jpg,ok,
564,7149/248/800,data/images/7149_248_800.jpg,ok,
565,3152/408/708,data/images/3152_408_708.jpg,ok,
566,4661/402/505,data/images/4661_402_505.jpg,ok,
567,1255/400/803,data/images/1255_400_803.jpg,ok,
568,2348/017/104,data/images/2348_017_104.jpg,ok,
569,0340/042/505,data/images/0340_042_505.jpg,ok,
570,2211/608/401,data/images/2211_608_401.jpg,ok,
571,9264/041/422,data/images/9264_041_422.jpg,ok,
572,4088/041/737,data/images/4088_041_737.jpg,ok,
573,9929/222/800,data/images/9929_222_800.jpg,ok,
574,4387/457/800,data/images/4387_457_800.jpg,ok,
575,3067/408/700,data/images/3067_408_700.jpg,ok,
576,4387/293/104,data/images/4387_293_104.jpg,ok,
577,1478/021/800,data/images/1478_021_800.jpg,ok,
578,2290/505/806,data/images/2290_505_806.jpg,ok,
579,5344/261/802,data/images/5344_261_802.jpg,ok,
580,4387/456/605,data/images/4387_456_605.jpg,ok,
581,5039/223/720,data/images/5039_223_720.jpg,ok,
582,7149/043/809,data/images/7149_043_809.jpg,ok,
583,2180/406/800,data/images/2180_406_800.jpg,ok,
584,8073/033/800,data/images/8073_033_800.jpg,ok,
585,1368/022/800,data/images/1368_022_800.jpg,ok,
586,2212/515/700,data/images/2212_515_700.jpg,ok,
587,2173/681/093,data/images/2173_681_093.jpg,ok,
588,2009/678/087,data/images/2009_678_087.jpg,ok,
589,3811/266/178,data/images/3811_266_178.jpg,ok,
590,2178/461/800,data/images/2178_461_800.jpg,ok,
591,2216/591/250,data/images/2216_591_250.jpg,ok,
592,5644/204/707,data/images/5644_204_707.jpg,ok,
593,5644/201/700,data/images/5644_201_700.jpg,ok,
594,4661/400/802,data/images/4661_400_802.jpg,ok,
595,1255/577/800,data/images/1255_577_800.jpg,ok,
596,4174/029/407,data/images/4174_029_407.jpg,ok,
597,8073/036/401,data/images/8073_036_401.jpg,ok,
598,4388/021/800,data/images/4388_021_800.jpg,ok,
599,9479/041/800,data/images/9479_041_800.jpg,ok,
600,5644/011/802,data/images/5644_011_802.jpg,ok,
601,8073/032/681,data/images/8073_032_681.jpg,ok,
602,1255/406/645,data/images/1255_406_645.jpg,ok,
603,2204/054/706,data/images/2204_054_706.jpg,ok,
604,6929/401/704,data/images/6929_401_704.jpg,ok,
605,1478/042/802,data/images/1478_042_802.jpg,ok,
606,4043/043/806,data/images/4043_043_806.jpg,ok,
607,1478/725/081,data/images/1478_725_081.jpg,ok,
608,2177/950/716,data/images/2177_950_716.jpg,ok,
609,7627/044/802,data/images/7627_044_802.jpg,ok,
610,8741/268/401,data/images/8741_268_401.jpg,ok,
611,4772/401/087,data/images/4772_401_087.jpg,ok,
612,3641/007/800,data/images/3641_007_800.jpg,ok,
613,4813/308/800,data/images/4813_308_800.jpg,ok,
614,9479/042/700,data/images/9479_042_700.jpg,ok,
615,8779/112/802,data/images/8779_112_802.jpg,ok,
616,5968/002/800,data/images/5968_002_800.jpg,ok,
617,1131/308/800,data/images/1131_308_800.jpg,ok,
618,1255/573/251,data/images/1255_573_251.jpg,ok,
619,6050/054/716,data/images/6050_054_716.jpg,ok,
620,1368/025/681,data/images/1368_025_681.jpg,ok,
621,8073/031/800,data/images/8073_031_800.jpg,ok,
622,5479/052/700,data/images/5479_052_700.jpg,ok,
623,4192/142/717,data/images/4192_142_717.jpg,ok,
624,2180/400/084,data/images/2180_400_084.jpg,ok,
625,5479/059/800,data/images/5479_059_800.jpg,ok,
626,0347/153/803,data/images/0347_153_803.jpg,ok,
627,8779/106/712,data/images/8779_106_712.jpg,ok,
628,1478/231/700,data/images/1478_231_700.jpg,ok,
629,1608/831/707,data/images/1608_831_707.jpg,ok,
630,5479/247/507,data/images/5479_247_507.jpg,ok,
631,8490/300/049,data/images/8490_300_049.jpg,ok,
632,2010/315/800,data/images/2010_315_800.jpg,ok,
633,2344/538/251,data/images/2344_538_251.jpg,ok,
634,1478/243/401,data/images/1478_243_401.jpg,ok,
635,3644/168/450,data/images/3644_168_450.jpg,ok,
636,3199/304/700,data/images/3199_304_700.jpg,ok,
637,3641/851/700,data/images/3641_851_700.jpg,ok,
638,5067/165/716,data/images/5067_165_716.jpg,ok,
639,2298/221/707,data/images/2298_221_707.jpg,ok,
640,4387/394/802,data/images/4387_394_802.jpg,ok,
641,8073/037/800,data/images/8073_037_800.jpg,ok,
642,5919/615/800,data/images/5919_615_800.jpg,ok,
643,0085/034/401,data/images/0085_034_401.jpg,ok,
644,5070/156/717,data/images/5070_156_717.jpg,ok,
645,4770/301/800,data/images/4770_301_800.jpg,ok,
646,2182/348/706,data/images/2182_348_706.jpg,ok,
647,5063/307/717,data/images/5063_307_717.jpg,ok,
648,3152/537/087,data/images/3152_537_087.jpg,ok,
649,4391/405/916,data/images/4391_405_916.jpg,ok,
650,1368/032/800,data/images/1368_032_800.jpg,ok,
651,5755/026/706,data/images/5755_026_706.jpg,ok,
652,1368/031/505,data/images/1368_031_505.jpg,ok,
653,8073/051/712,data/images/8073_051_712.jpg,ok,
654,1355/013/800,data/images/1355_013_800.jpg,ok,
655,1223/002/800,data/images/1223_002_800.jpg,ok,
656,1255/954/686,data/images/1255_954_686.jpg,ok,
657,8219/250/500,data/images/8219_250_500.jpg,ok,
658,4388/022/712,data/images/4388_022_712.jpg,ok,
659,5644/021/720,data/images/5644_021_720.jpg,ok,
660,5584/007/250,data/images/5584_007_250.jpg,ok,
661,4174/303/250,data/images/4174_303_250.jpg,ok,
662,4174/161/251,data/images/4174_161_251.jpg,ok,
663,4174/167/250,data/images/4174_167_250.jpg,ok,
664,4174/304/250,data/images/4174_304_250.jpg,ok,
665,4174/166/250,data/images/4174_166_250.jpg,ok,
666,0858/151/251,data/images/0858_151_251.jpg,ok,
667,4174/757/251,data/images/4174_757_251.jpg,ok,
668,0858/712/628,data/images/0858_712_628.jpg,ok,
669,3253/311/250,data/images/3253_311_250.jpg,ok,
670,3253/313/250,data/images/3253_313_250.jpg,ok,
671,4424/306/250,data/images/4424_306_250.jpg,ok,
672,4813/858/712,data/images/4813_858_712.jpg,ok,
673,3641/628/717,data/images/3641_628_717.jpg,ok,
674,1026/825/250,data/images/1026_825_250.jpg,ok,
675,4424/819/250,data/images/4424_819_250.jpg,ok,
676,2335/299/505,data/images/2335_299_505.jpg,ok,
677,2335/643/251,data/images/2335_643_251.jpg,ok,
678,3905/532/250,data/images/3905_532_250.jpg,ok,
679,2335/637/251,data/images/2335_637_251.jpg,ok,
680,3905/531/712,data/images/3905_531_712.jpg,ok,
681,0858/613/250,data/images/0858_613_250.jpg,ok,
682,3253/320/803,data/images/3253_320_803.jpg,ok,
683,4174/378/104,data/images/4174_378_104.jpg,ok,
684,4174/325/505,data/images/4174_325_505.jpg,ok,
685,0858/730/800,data/images/0858_730_800.jpg,ok,
686,1044/157/251,data/images/1044_157_251.jpg,ok,
687,0858/020/250,data/images/0858_020_250.jpg,ok,
688,2298/603/700,data/images/2298_603_700.jpg,ok,
689,2335/638/250,data/images/2335_638_250.jpg,ok,
690,5584/316/524,data/images/5584_316_524.jpg,ok,
691,4388/027/704,data/images/4388_027_704.jpg,ok,
692,1368/033/505,data/images/1368_033_505.jpg,ok,
694,4388/026/712,data/images/4388_026_712.jpg,ok,
695,1368/021/800,data/images/1368_021_800.jpg,ok,
696,4174/002/800,data/images/4174_002_800.jpg,ok,
697,3253/008/117,data/images/3253_008_117.jpg,ok,
698,3253/011/390,data/images/3253_011_390.jpg,ok,
699,5644/736/081,data/images/5644_736_081.jpg,ok,
700,5039/315/837,data/images/5039_315_837.jpg,ok,
701,0858/469/724,data/images/0858_469_724.jpg,ok,
702,5063/316/250,data/images/5063_316_250.jpg,ok,
703,3253/312/250,data/images/3253_312_250.jpg,ok,
704,3253/838/250,data/images/3253_838_250.jpg,ok,
705,5584/314/049,data/images/5584_314_049.jpg,ok,
706,1277/014/300,data/images/1277_014_300.jpg,ok,
707,1277/015/717,data/images/1277_015_717.jpg,ok,
708,5578/001/250,data/images/5578_001_250.jpg,ok,
709,4174/152/756,data/images/4174_152_756.jpg,ok,
710,5644/608/720,data/images/5644_608_720.jpg,ok,
711,0264/006/060,data/images/0264_006_060.jpg,ok,
712,4479/057/600,data/images/4479_057_600.jpg,ok,
713,0085/051/250,data/images/0085_051_250.jpg,ok,
714,4479/058/250,data/images/4479_058_250.jpg,ok,
715,0085/302/064,data/images/0085_302_064.jpg,ok,
716,0085/301/251,data/images/0085_301_251.jpg,ok,
717,0858/023/250,data/images/0858_023_250.jpg,ok,
718,3641/006/250,data/images/3641_006_250.jpg,ok,
719,0858/008/061,data/images/0858_008_061.jpg,ok,
720,3431/151/626,data/images/3431_151_626.jpg,ok,
721,4174/160/641,data/images/4174_160_641.jpg,ok,
722,5067/177/716,data/images/5067_177_716.jpg,ok,
723,0085/032/712,data/images/0085_032_712.jpg,ok,
724,5644/019/401,data/images/5644_019_401.jpg,ok,
725,5968/001/800,data/images/5968_001_800.jpg,ok,
726,3641/316/700,data/images/3641_316_700.jpg,ok,
727,4174/314/401,data/images/4174_314_401.jpg,ok,
728,5643/051/700,data/images/5643_051_700.jpg,ok,
729,5643/050/712,data/images/5643_050_712.jpg,ok,
730,1223/625/401,data/images/1223_625_401.jpg,ok,
731,4813/310/737,data/images/4813_310_737.jpg,ok,
732,1131/301/507,data/images/1131_301_507.jpg,ok,
733,5039/333/724,data/images/5039_333_724.jpg,ok,
734,8779/151/251,data/images/8779_151_251.jpg,ok,
735,6050/029/822,data/images/6050_029_822.jpg,ok,
736,5644/898/081,data/images/5644_898_081.jpg,ok,
737,0264/103/250,data/images/0264_103_250.jpg,ok,
738,4174/011/700,data/images/4174_011_700.jpg,ok,
739,1223/003/086,data/images/1223_003_086.jpg,ok,
740,4424/161/104,data/images/4424_161_104.jpg,ok,
741,4424/300/800,data/images/4424_300_800.jpg,ok,
742,4174/027/407,data/images/4174_027_407.jpg,ok,
743,3431/154/712,data/images/3431_154_712.jpg,ok,
744,6050/055/611,data/images/6050_055_611.jpg,ok,
745,2488/002/802,data/images/2488_002_802.jpg,ok,
746,5536/129/722,data/images/5536_129_722.jpg,ok,
747,5755/002/400,data/images/5755_002_400.jpg,ok,
748,2142/161/500,data/images/2142_161_500.jpg,ok,
749,2893/202/081,data/images/2893_202_081.jpg,ok,
750,2756/100/700,data/images/2756_100_700.jpg,ok,
751,2756/019/912,data/images/2756_019_912.jpg,ok,
752,9598/011/615,data/images/9598_011_615.jpg,ok,
753,9598/010/401,data/images/9598_010_401.jpg,ok,
754,8851/181/507,data/images/8851_181_507.jpg,ok,
755,5536/195/050,data/images/5536_195_050.jpg,ok,
756,5536/149/401,data/images/5536_149_401.jpg,ok,
757,2142/162/722,data/images/2142_162_722.jpg,ok,
758,2142/003/330,data/images/2142_003_330.jpg,ok,
759,5536/218/104,data/images/5536_218_104.jpg,ok,
760,5536/018/330,data/images/5536_018_330.jpg,ok,
761,5536/016/400,data/images/5536_016_400.jpg,ok,
762,3920/267/407,data/images/3920_267_407.jpg,ok,
763,3920/760/401,data/images/3920_760_401.jpg,ok,
764,5536/159/719,data/images/5536_159_719.jpg,ok,
765,8851/171/507,data/images/8851_171_507.jpg,ok,
766,2142/002/406,data/images/2142_002_406.jpg,ok,
767,3653/113/049,data/images/3653_113_049.jpg,ok,
768,5039/222/809,data/images/5039_222_809.jpg,ok,
769,2142/023/649,data/images/2142_023_649.jpg,ok,
770,2756/151/090,data/images/2756_151_090.jpg,ok,
771,5755/152/054,data/images/5755_152_054.jpg,ok,
772,2142/028/519,data/images/2142_028_519.jpg,ok,
773,2142/178/712,data/images/2142_178_712.jpg,ok,
774,5755/125/712,data/images/5755_125_712.jpg,ok,
775,3920/046/700,data/images/3920_046_700.jpg,ok,
776,5536/213/420,data/images/5536_213_420.jpg,ok,
777,2142/204/737,data/images/2142_204_737.jpg,ok,
778,2142/027/803,data/images/2142_027_803.jpg,ok,
779,3920/028/942,data/images/3920_028_942.jpg,ok,
780,9598/107/737,data/images/9598_107_737.jpg,ok,
781,2756/029/832,data/images/2756_029_832.jpg,ok,
782,3920/196/500,data/images/3920_196_500.jpg,ok,
783,5536/003/401,data/images/5536_003_401.jpg,ok,
784,2756/115/706,data/images/2756_115_706.jpg,ok,
785,2142/042/420,data/images/2142_042_420.jpg,ok,
786,9874/112/526,data/images/9874_112_526.jpg,ok,
787,3644/101/802,data/images/3644_101_802.jpg,ok,
788,9598/196/700,data/images/9598_196_700.jpg,ok,
789,2142/255/832,data/images/2142_255_832.jpg,ok,
790,2893/001/401,data/images/2893_001_401.jpg,ok,
791,6771/008/390,data/images/6771_008_390.jpg,ok,
792,5755/005/502,data/images/5755_005_502.jpg,ok,
793,5755/153/922,data/images/5755_153_922.jpg,ok,
794,6771/156/716,data/images/6771_156_716.jpg,ok,
795,1957/112/096,data/images/1957_112_096.jpg,ok,
796,5536/220/600,data/images/5536_220_600.jpg,ok,
797,6771/001/712,data/images/6771_001_712.jpg,ok,
798,9598/104/700,data/images/9598_104_700.jpg,ok,
799,3920/969/700,data/images/3920_969_700.jpg,ok,
800,2893/008/513,data/images/2893_008_513.jpg,ok,
801,9598/008/300,data/images/9598_008_300.jpg,ok,
802,1509/108/722,data/images/1509_108_722.jpg,ok,
803,3920/779/800,data/images/3920_779_800.jpg,ok,
804,2142/179/712,data/images/2142_179_712.jpg,ok,
805,2756/004/802,data/images/2756_004_802.jpg,ok,
806,9598/106/401,data/images/9598_106_401.jpg,ok,
807,2893/133/620,data/images/2893_133_620.jpg,ok,
808,5755/143/533,data/images/5755_143_533.jpg,ok,
809,2756/152/802,data/images/2756_152_802.jpg,ok,
810,2893/124/802,data/images/2893_124_802.jpg,ok,
811,2893/171/712,data/images/2893_171_712.jpg,ok,
812,2893/205/737,data/images/2893_205_737.jpg,ok,
813,2893/009/401,data/images/2893_009_401.jpg,ok,
814,5755/120/700,data/images/5755_120_700.jpg,ok,
815,5897/100/802,data/images/5897_100_802.jpg,ok,
816,2756/153/081,data/images/2756_153_081.jpg,ok,
817,5802/101/093,data/images/5802_101_093.jpg,ok,
818,9598/174/737,data/images/9598_174_737.jpg,ok,
819,9598/144/811,data/images/9598_144_811.jpg,ok,
820,2756/141/081,data/images/2756_141_081.jpg,ok,
821,2893/005/620,data/images/2893_005_620.jpg,ok,
822,9598/005/330,data/images/9598_005_330.jpg,ok,
823,9598/006/330,data/images/9598_006_330.jpg,ok,
824,1957/011/043,data/images/1957_011_043.jpg,ok,
825,5755/156/401,data/images/5755_156_401.jpg,ok,
826,3920/051/700,data/images/3920_051_700.jpg,ok,
827,5536/012/330,data/images/5536_012_330.jpg,ok,
828,6427/002/500,data/images/6427_002_500.jpg,ok,
829,2142/263/681,data/images/2142_263_681.jpg,ok,
830,5536/259/712,data/images/5536_259_712.jpg,ok,
831,2756/015/401,data/images/2756_015_401.jpg,ok,
832,4192/010/712,data/images/4192_010_712.jpg,ok,
833,3920/052/401,data/images/3920_052_401.jpg,ok,
834,2756/155/800,data/images/2756_155_800.jpg,ok,
835,6771/113/401,data/images/6771_113_401.jpg,ok,
836,5755/155/515,data/images/5755_155_515.jpg,ok,
837,3653/001/330,data/images/3653_001_330.jpg,ok,
838,5802/105/051,data/images/5802_105_051.jpg,ok,
839,3920/014/712,data/images/3920_014_712.jpg,ok,
840,4938/004/633,data/images/4938_004_633.jpg,ok,
841,5755/019/104,data/images/5755_019_104.jpg,ok,
842,2893/194/712,data/images/2893_194_712.jpg,ok,
843,1509/125/800,data/images/1509_125_800.jpg,ok,
844,2142/001/505,data/images/2142_001_505.jpg,ok,
845,6771/147/737,data/images/6771_147_737.jpg,ok,
846,3920/890/800,data/images/3920_890_800.jpg,ok,
847,0837/101/722,data/images/0837_101_722.jpg,ok,
848,4938/005/420,data/images/4938_005_420.jpg,ok,
849,2893/012/420,data/images/2893_012_420.jpg,ok,
850,2142/035/104,data/images/2142_035_104.jpg,ok,
851,4938/119/500,data/images/4938_119_500.jpg,ok,
852,5755/011/071,data/images/5755_011_071.jpg,ok,
853,2756/008/737,data/images/2756_008_737.jpg,ok,
854,2142/203/757,data/images/2142_203_757.jpg,ok,
855,1509/106/816,data/images/1509_106_816.jpg,ok,
856,4192/101/717,data/images/4192_101_717.jpg,ok,
857,5755/131/712,data/images/5755_131_712.jpg,ok,
858,5536/005/802,data/images/5536_005_802.jpg,ok,
859,6771/157/051,data/images/6771_157_051.jpg,ok,
860,3920/074/806,data/images/3920_074_806.jpg,ok,
861,2142/037/420,data/images/2142_037_420.jpg,ok,
862,1509/130/706,data/images/1509_130_706.jpg,ok,
865,5755/130/406,data/images/5755_130_406.jpg,ok,
866,2756/014/712,data/images/2756_014_712.jpg,ok,
867,3920/781/055,data/images/3920_781_055.jpg,ok,
868,1509/114/524,data/images/1509_114_524.jpg,ok,
869,5755/012/802,data/images/5755_012_802.jpg,ok,
870,3581/001/704,data/images/3581_001_704.jpg,ok,
871,5755/138/814,data/images/5755_138_814.jpg,ok,
872,2756/026/600,data/images/2756_026_600.jpg,ok,
873,2756/146/811,data/images/2756_146_811.jpg,ok,
874,9598/223/717,data/images/9598_223_717.jpg,ok,
875,0387/160/800,data/images/0387_160_800.jpg,ok,
876,8851/143/800,data/images/8851_143_800.jpg,ok,
877,3920/057/712,data/images/3920_057_712.jpg,ok,
878,3920/080/420,data/images/3920_080_420.jpg,ok,
879,5755/028/406,data/images/5755_028_406.jpg,ok,
880,2893/121/807,data/images/2893_121_807.jpg,ok,
881,5755/023/712,data/images/5755_023_712.jpg,ok,
882,3519/001/800,data/images/3519_001_800.jpg,ok,
883,6771/003/982,data/images/6771_003_982.jpg,ok,
884,2141/683/700,data/images/2141_683_700.jpg,ok,
885,9773/314/700,data/images/9773_314_700.jpg,ok,
886,1165/140/800,data/images/1165_140_800.jpg,ok,
887,1971/240/700,data/images/1971_240_700.jpg,ok,
888,8338/537/717,data/images/8338_537_717.jpg,ok,
889,4661/530/800,data/images/4661_530_800.jpg,ok,
890,2129/155/080,data/images/2129_155_080.jpg,ok,
891,2269/102/330,data/images/2269_102_330.jpg,ok,
892,3046/082/705,data/images/3046_082_705.jpg,ok,
893,2502/570/700,data/images/2502_570_700.jpg,ok,
894,7149/063/104,data/images/7149_063_104.jpg,ok,
895,8160/399/700,data/images/8160_399_700.jpg,ok,
896,4387/245/681,data/images/4387_245_681.jpg,ok,
897,2500/838/700,data/images/2500_838_700.jpg,ok,
898,4661/407/049,data/images/4661_407_049.jpg,ok,
899,1255/414/080,data/images/1255_414_080.jpg,ok,
900,2091/002/505,data/images/2091_002_505.jpg,ok,
901,1478/221/800,data/images/1478_221_800.jpg,ok,
902,1478/321/700,data/images/1478_321_700.jpg,ok,
903,5029/228/700,data/images/5029_228_700.jpg,ok,
904,9598/169/801,data/images/9598_169_801.jpg,ok,
905,1255/415/712,data/images/1255_415_712.jpg,ok,
906,4391/538/715,data/images/4391_538_715.jpg,ok,
907,5755/006/502,data/images/5755_006_502.jpg,ok,
908,0858/470/724,data/images/0858_470_724.jpg,ok,
909,2168/622/401,data/images/2168_622_401.jpg,ok,
910,1255/561/800,data/images/1255_561_800.jpg,ok,
911,1255/409/807,data/images/1255_409_807.jpg,ok,
912,4437/040/712,data/images/4437_040_712.jpg,ok,
913,2545/250/720,data/images/2545_250_720.jpg,ok,
914,1758/665/800,data/images/1758_665_800.jpg,ok,
915,4341/402/700,data/images/4341_402_700.jpg,ok,
916,1255/564/716,data/images/1255_564_716.jpg,ok,
917,2333/570/800,data/images/2333_570_800.jpg,ok,
918,3152/400/719,data/images/3152_400_719.jpg,ok,
919,5029/232/401,data/images/5029_232_401.jpg,ok,
920,4387/486/800,data/images/4387_486_800.jpg,ok,
921,2756/142/081,data/images/2756_142_081.jpg,ok,
922,9632/286/441,data/images/9632_286_441.jpg,ok,
923,5070/001/800,data/images/5070_001_800.jpg,ok,
924,8779/109/800,data/images/8779_109_800.jpg,ok,
925,1223/136/800,data/images/1223_136_800.jpg,ok,
926,2028/674/707,data/images/2028_674_707.jpg,ok,
927,2186/972/800,data/images/2186_972_800.jpg,ok,
928,2540/959/330,data/images/2540_959_330.jpg,ok,
929,4437/041/330,data/images/4437_041_330.jpg,ok,
930,2195/981/803,data/images/2195_981_803.jpg,ok,
931,3152/403/070,data/images/3152_403_070.jpg,ok,
932,6929/001/717,data/images/6929_001_717.jpg,ok,
933,4786/643/800,data/images/4786_643_800.jpg,ok,
934,1758/131/800,data/images/1758_131_800.jpg,ok,
935,1255/404/505,data/images/1255_404_505.jpg,ok,
936,4391/409/731,data/images/4391_409_731.jpg,ok,
937,1355/115/613,data/images/1355_115_613.jpg,ok,
938,1255/401/250,data/images/1255_401_250.jpg,ok,
939,2096/303/078,data/images/2096_303_078.jpg,ok,
940,2969/050/832,data/images/2969_050_832.jpg,ok,
941,5919/115/800,data/images/5919_115_800.jpg,ok,
942,1067/656/800,data/images/1067_656_800.jpg,ok,
943,2142/253/832,data/images/2142_253_832.jpg,ok,
944,1255/408/401,data/images/1255_408_401.jpg,ok,
945,5755/027/406,data/images/5755_027_406.jpg,ok,
946,1758/121/971,data/images/1758_121_971.jpg,ok,
947,2030/640/612,data/images/2030_640_612.jpg,ok,
948,6098/911/529,data/images/6098_911_529.jpg,ok,
949,5427/514/700,data/images/5427_514_700.jpg,ok,
950,3607/002/400,data/images/3607_002_400.jpg,ok,
951,4661/410/050,data/images/4661_410_050.jpg,ok,
952,1131/305/087,data/images/1131_305_087.jpg,ok,
953,5039/858/807,data/images/5039_858_807.jpg,ok,
954,4661/518/717,data/images/4661_518_717.jpg,ok,
955,1758/108/800,data/images/1758_108_800.jpg,ok,
956,2521/901/749,data/images/2521_901_749.jpg,ok,
957,5427/401/407,data/images/5427_401_407.jpg,ok,
958,1255/411/420,data/images/1255_411_420.jpg,ok,
959,9753/882/803,data/images/9753_882_803.jpg,ok,
960,4192/166/532,data/images/4192_166_532.jpg,ok,
961,5067/158/251,data/images/5067_158_251.jpg,ok,
962,2083/911/700,data/images/2083_911_700.jpg,ok,
963,0347/153/803,data/images/0347_153_803.jpg,ok,
964,0347/152/803,data/images/0347_152_803.jpg,ok,
965,3199/152/720,data/images/3199_152_720.jpg,ok,
966,3199/151/720,data/images/3199_151_720.jpg,ok,
967,3199/630/706,data/images/3199_630_706.jpg,ok,
968,3199/631/706,data/images/3199_631_706.jpg,ok,
969,8417/803/401,data/images/8417_803_401.jpg,ok,
970,8417/802/401,data/images/8417_802_401.jpg,ok,
971,8372/267/712,data/images/8372_267_712.jpg,ok,
972,8372/266/712,data/images/8372_266_712.jpg,ok,
973,4174/816/700,data/images/4174_816_700.jpg,ok,
974,4174/817/700,data/images/4174_817_700.jpg,ok,
975,5755/132/710,data/images/5755_132_710.jpg,ok,
976,5644/201/700,data/images/5644_201_700.jpg,ok,
977,4174/028/407,data/images/4174_028_407.jpg,ok,
978,4174/029/407,data/images/4174_029_407.jpg,ok,
979,5644/020/720,data/images/5644_020_720.jpg,ok,
980,5644/021/720,data/images/5644_021_720.jpg,ok,
981,5968/002/800,data/images/5968_002_800.jpg,ok,
982,5968/001/800,data/images/5968_001_800.jpg,ok,
983,5644/203/707,data/images/5644_203_707.jpg,ok,
984,5644/204/707,data/images/5644_204_707.jpg,ok,
985,4391/405/916,data/images/4391_405_916.jpg,ok,
986,1255/812/916,data/images/1255_812_916.jpg,ok,
987,5070/153/717,data/images/5070_153_717.jpg,ok,
988,5070/156/717,data/images/5070_156_717.jpg,ok,
989,6050/053/716,data/images/6050_053_716.jpg,ok,
990,6050/054/716,data/images/6050_054_716.jpg,ok,
991,1277/013/710,data/images/1277_013_710.jpg,ok,
992,1058/301/712,data/images/1058_301_712.jpg,ok,
993,3199/303/626,data/images/3199_303_626.jpg,ok,
994,3199/304/700,data/images/3199_304_700.jpg,ok,
995,8073/066/700,data/images/8073_066_700.jpg,ok,
996,0085/034/401,data/images/0085_034_401.jpg,ok,
997,0085/033/401,data/images/0085_033_401.jpg,ok,
998,6050/055/611,data/images/6050_055_611.jpg,ok,
999,3641/850/700,data/images/3641_850_700.jpg,ok,
1000,3641/851/700,data/images/3641_851_700.jpg,ok,
1001,5941/003/800,data/images/5941_003_800.jpg,ok,
1002,5039/252/717,data/images/5039_252_717.jpg,ok,
1004,1500/710/022,data/images/1500_710_022.jpg,ok,
1007,1586/710/800,data/images/1586_710_800.jpg,ok,
1011,2526/710/022,data/images/2526_710_022.jpg,ok,
1013,2234/710/105,data/images/2234_710_105.jpg,ok,
1014,2247/610/002,data/images/2247_610_002.jpg,ok,
1016,2522/710/808,data/images/2522_710_808.jpg,ok,
1017,2523/710/800,data/images/2523_710_800.jpg,ok,
1018,2518/710/700,data/images/2518_710_700.jpg,ok,
1019,2537/610/116,data/images/2537_610_116.jpg,ok,
1020,2517/710/107,data/images/2517_710_107.jpg,ok,
1021,2113/610/116,data/images/2113_610_116.jpg,ok,
1022,2524/610/800,data/images/2524_610_800.jpg,ok,
1023,2535/610/105,data/images/2535_610_105.jpg,ok,
1024,3534/710/709,data/images/3534_710_709.jpg,ok,
1026,5208/710/700,data/images/5208_710_700.jpg,ok,
1030,3005/710/700,data/images/3005_710_700.jpg,ok,
1033,3100/610/709,data/images/3100_610_709.jpg,ok,
1034,3101/610/700,data/images/3101_610_700.jpg,ok,
1035,3114/610/700,data/images/3114_610_700.jpg,ok,
1036,2515/610/800,data/images/2515_610_800.jpg,ok,
1037,1133/610/116,data/images/1133_610_116.jpg,ok,
1038,1103/610/800,data/images/1103_610_800.jpg,ok,
1039,1516/710/700,data/images/1516_710_700.jpg,ok,
1040,3115/610/800,data/images/3115_610_800.jpg,ok,
1041,2055/610/800,data/images/2055_610_800.jpg,ok,
1042,2105/710/700,data/images/2105_710_700.jpg,ok,
1044,1230/610/116,data/images/1230_610_116.jpg,ok,
1045,2564/610/032,data/images/2564_610_032.jpg,ok,
1048,1136/610/800,data/images/1136_610_800.jpg,ok,
1049,3009/610/700,data/images/3009_610_700.jpg,ok,
1054,3102/710/800,data/images/3102_710_800.jpg,ok,
1055,2100/710/700,data/images/2100_710_700.jpg,ok,
1057,3002/710/800,data/images/3002_710_800.jpg,ok,
1058,2565/610/116,data/images/2565_610_116.jpg,ok,
1059,2559/610/022,data/images/2559_610_022.jpg,ok,
1060,1577/710/116,data/images/1577_710_116.jpg,ok,
1061,2107/610/105,data/images/2107_610_105.jpg,ok,
1062,2054/610/700,data/images/2054_610_700.jpg,ok,
1065,1519/610/116,data/images/1519_610_116.jpg,ok,
1068,3163/610/800,data/images/3163_610_800.jpg,ok,
1072,2052/710/700,data/images/2052_710_700.jpg,ok,
1076,2104/710/022,data/images/2104_710_022.jpg,ok,
1077,3105/710/800,data/images/3105_710_800.jpg,ok,
1079,3169/610/800,data/images/3169_610_800.jpg,ok,
1080,5036/710/700,data/images/5036_710_700.jpg,ok,
1081,2107/710/700,data/images/2107_710_700.jpg,ok,
1084,1037/610/022,data/images/1037_610_022.jpg,ok,
1085,2004/610/131,data/images/2004_610_131.jpg,ok,
1086,2106/610/700,data/images/2106_610_700.jpg,ok,
1087,2103/710/105,data/images/2103_710_105.jpg,ok,
1090,3126/610/800,data/images/3126_610_800.jpg,ok,
1093,1261/610/116,data/images/1261_610_116.jpg,ok,
1095,2232/710/700,data/images/2232_710_700.jpg,ok,
1097,2006/610/116,data/images/2006_610_116.jpg,ok,
1098,1223/710/022,data/images/1223_710_022.jpg,ok,
1100,1525/710/131,data/images/1525_710_131.jpg,ok,
1102,3521/410/709,data/images/3521_410_709.jpg,ok,
1104,3032/610/700,data/images/3032_610_700.jpg,ok,
1105,2704/710/022,data/images/2704_710_022.jpg,ok,
1106,2701/710/202,data/images/2701_710_202.jpg,ok,
1108,2705/710/700,data/images/2705_710_700.jpg,ok,
1110,2700/410/800,data/images/2700_410_800.jpg,ok,
1111,1575/610/800,data/images/1575_610_800.jpg,ok,
1113,3100/710/800,data/images/3100_710_800.jpg,ok,
1117,3008/610/800,data/images/3008_610_800.jpg,ok,
1118,3502/510/800,data/images/3502_510_800.jpg,ok,
1121,3103/710/800,data/images/3103_710_800.jpg,ok,
1122,1521/710/105,data/images/1521_710_105.jpg,ok,
1123,3101/710/700,data/images/3101_710_700.jpg,ok,
1127,6726/610/131,data/images/6726_610_131.jpg,ok,
1128,6389/610/114,data/images/6389_610_114.jpg,ok,
1129,6269/610/721,data/images/6269_610_721.jpg,ok,
1130,6076/710/700,data/images/6076_710_700.jpg,ok,
1131,6084/710/111,data/images/6084_710_111.jpg,ok,
1132,6898/610/721,data/images/6898_610_721.jpg,ok,
1133,6157/710/111,data/images/6157_710_111.jpg,ok,
1134,6064/710/624,data/images/6064_710_624.jpg,ok,
1135,6799/610/624,data/images/6799_610_624.jpg,ok,
1136,6067/710/700,data/images/6067_710_700.jpg,ok,
1137,6063/710/700,data/images/6063_710_700.jpg,ok,
1138,6633/610/700,data/images/6633_610_700.jpg,ok,
1139,6113/710/700,data/images/6113_710_700.jpg,ok,
1141,6058/710/709,data/images/6058_710_709.jpg,ok,
1142,6057/710/700,data/images/6057_710_700.jpg,ok,
1143,6640/610/718,data/images/6640_610_718.jpg,ok,
1144,6360/615/040,data/images/6360_615_040.jpg,ok,
1145,6011/510/800,data/images/6011_510_800.jpg,ok,
1146,6094/710/707,data/images/6094_710_707.jpg,ok,
1147,6620/610/718,data/images/6620_610_718.jpg,ok,
1148,6054/710/721,data/images/6054_710_721.jpg,ok,
1149,6041/710/800,data/images/6041_710_800.jpg,ok,
1150,6383/610/721,data/images/6383_610_721.jpg,ok,
1151,6377/610/624,data/images/6377_610_624.jpg,ok,
1152,6047/610/700,data/images/6047_610_700.jpg,ok,
1153,6553/710/721,data/images/6553_710_721.jpg,ok,
1154,6060/610/721,data/images/6060_610_721.jpg,ok,
1155,6056/710/700,data/images/6056_710_700.jpg,ok,
1156,6093/710/017,data/images/6093_710_017.jpg,ok,
1157,6616/610/721,data/images/6616_610_721.jpg,ok,
1158,6029/610/032,data/images/6029_610_032.jpg,ok,
1159,6615/610/202,data/images/6615_610_202.jpg,ok,
1161,6733/610/800,data/images/6733_610_800.jpg,ok,
1162,6765/710/721,data/images/6765_710_721.jpg,ok,
1163,6042/612/800,data/images/6042_612_800.jpg,ok,
1164,6057/610/802,data/images/6057_610_802.jpg,ok,
1165,6051/710/800,data/images/6051_710_800.jpg,ok,
1166,6761/710/624,data/images/6761_710_624.jpg,ok,
1167,6763/710/721,data/images/6763_710_721.jpg,ok,
1168,6452/610/624,data/images/6452_610_624.jpg,ok,
1169,6453/710/249,data/images/6453_710_249.jpg,ok,
1170,6552/610/721,data/images/6552_610_721.jpg,ok,
1171,6450/610/709,data/images/6450_610_709.jpg,ok,
1172,6046/610/700,data/images/6046_610_700.jpg,ok,
1173,6565/610/624,data/images/6565_610_624.jpg,ok,
1174,6714/610/624,data/images/6714_610_624.jpg,ok,
1175,6727/610/600,data/images/6727_610_600.jpg,ok,
1176,6069/510/700,data/images/6069_510_700.jpg,ok,
1177,6762/610/719,data/images/6762_610_719.jpg,ok,
1178,6451/710/721,data/images/6451_710_721.jpg,ok,
1179,6211/610/802,data/images/6211_610_802.jpg,ok,
1180,6452/710/721,data/images/6452_710_721.jpg,ok,
1181,6453/610/600,data/images/6453_610_600.jpg,ok,
